Fax Number,Status
13609995819,available
13609995821,available
13609995822,available
13609995823,available
13852022857,available
13852122914,available
14422623491,available
14422623492,available
14422623493,available
14422623494,available
14422623495,available
14422623496,available
14422623500,available
14692120960,available
14696801085,available
14696801103,available
14696801106,available
14697543101,available
14697543102,available
14697543103,available
14697543108,available
14697543109,available
14697543110,available
14697543112,available
14697543113,available
14697543115,available
14697543116,available
14697543118,available
14697543125,available
14697543134,available
14697543138,available
14697543139,available
14697543140,available
14697543145,available
14697543147,available
14698993504,available
14698993521,available
14698993530,available
14698993554,available
14698995539,available
14699171355,available
14699171445,available
15082319412,port-pending
15205352679,available
15304106467,available
15304106622,available
15304106783,available
15307224181,available
15307224183,available
15307224187,available
15307224188,available
15307224716,available
15307224846,available
15593342013,port-pending
15615849411,available
16182236383,available
16184778756,available
16184778757,available
16184778761,available
16184778763,available
16822248798,available
17026759465,available
17196234235,available
17196234382,available
17196234389,available
17196234396,available
17205016685,available
17252482834,available
17252482877,available
17253737051,available
17257262799,available
17312567630,available
17857834063,available
17857834197,available
18034408420,available
18034408450,available
18034408453,available
18034408459,available
18034408462,available
18037920426,available
18037920483,available
18139643692,available
18305415458,available
18305415464,available
18305415466,available
18305415468,available
18324761956,available
18432136867,available
18432136982,available
18437127126,available
18549994102,available
18549994103,available
18549994104,available
19132159346,port-pending
19166044290,available
19166044292,available
19166044294,available
19166044306,available
19495369410,available
19495369433,available
19495564624,available
19729424095,available
2103842040,available
2143064258,available
9282551862,available
9519051492,available
9712666660,available
9712666661,available
12532637311 (Reusable on 05/18/2025 04:00 GMT),inactive
14422623482 (Reusable on 05/18/2025 04:00 GMT),inactive
